"建筑名称","对象层级","类型","主承重材料／体系","尺寸条目","构件计数条目","已填写字段","待核实项"
"赵州桥","单体","桥梁","石构","7","1","8/8",""
"洛阳桥","单体","桥梁","石构","3","1","8/8",""
"安平桥","单体","桥梁","石构","3","0","8/8",""
"广济桥","单体","桥梁","石木复合","1","1","8/8",""
"卢沟桥","单体","桥梁","石构","3","2","8/8",""
"内乡县衙","建筑群","官府","木构","1","0","8/8",""
"太和殿","单体","皇宫","木构","3","2","8/8",""
"中和殿","单体","皇宫","木构","1","2","8/8",""
"保和殿","单体","皇宫","木构","2","3","8/8",""
"大政殿","单体","皇宫","木构","5","0","8/8",""
"泸定桥","单体","桥梁","铁木复合","2","3","8/8",""
"直隶总督署","建筑群","官府","未载明","3","0","7/8","主承重材料"
"乔家大院","建筑群","民居","砖木复合","2","3","8/8",""
"荫余堂","单体","民居","木构","4","3","8/8","全宅面积"
"承志堂","建筑群","民居","木构","1","3","8/8","精确占地与楼面面积"
"乾清宫","单体","皇宫","木构","2","2","8/8",""
"坤宁宫","单体","皇宫","木构","0","2","7/8","独立尺寸"
"养心殿","单体","皇宫","木构","2","0","8/8",""
"文华殿","单体","皇宫","木构","0","2","7/8","独立尺寸"
"武英殿","单体","皇宫","木构","0","2","7/8","独立尺寸；确切营建年"
"慈宁宫","单体","皇宫","木构","0","1","7/8","独立尺寸"
"皇极殿","单体","皇宫","木构","0","2","7/8","独立尺寸"
"崇政殿","单体","皇宫","木构","0","1","7/8","独立尺寸；确切营建年"
"凤凰楼","单体","皇宫","砖木复合","0","1","7/8","独立尺寸；确切营建年"
"清宁宫","单体","皇宫","木构","0","1","7/8","独立尺寸；确切营建年"
"霍州署大堂","单体","官府","木构","0","0","7/8","独立尺寸；确切营建年"
"平遥县衙","建筑群","官府","木构","0","0","7/8","独立尺寸"
"南阳府衙","建筑群","官府","未载明","3","0","7/8","整体主承重材料"
"淮安府署","建筑群","官府","未载明","2","0","7/8","整体主承重材料"
"王家大院","建筑群","民居","砖木复合","0","0","7/8","独立尺寸；确切营建年"
"皇城相府","建筑群","民居","砖木复合","0","1","7/8","独立尺寸"
"石家大院","建筑群","民居","砖木复合","1","0","8/8",""
"高家大院（西安）","建筑群","民居","砖木复合","1","0","8/8","确切营建年"
"承启楼","单体","民居","土木复合","0","0","7/8","独立尺寸；确切营建年"
"怀远楼","单体","民居","土木复合","2","2","8/8",""
"裕昌楼","单体","民居","土木复合","2","1","8/8","确切营建年"
"福裕楼","建筑群","民居","土木复合","0","0","7/8","独立尺寸"
"二宜楼","单体","民居","土木复合","0","0","7/8","独立尺寸"
"和贵楼","单体","民居","土木复合","1","1","8/8",""
"胡雪岩故居","建筑群","民居","砖木复合","0","0","7/8","独立尺寸"
"尚书第（泰宁）","建筑群","民居","砖木复合","0","2","7/8","独立尺寸；确切营建年"
"卢宅（东阳）","建筑群","民居","木构","0","0","7/8","独立尺寸"
"中山桥（兰州）","单体","桥梁","铁构","2","0","8/8",""
"宝带桥","单体","桥梁","石构","0","0","7/8","独立尺寸"
"五亭桥","单体","桥梁","石木复合","0","2","7/8","独立尺寸"
"十七孔桥","单体","桥梁","石构","2","1","8/8",""
"玉带桥（颐和园）","单体","桥梁","石构","1","0","8/8",""
"广济桥（塘栖）","单体","桥梁","石构","0","1","7/8","独立尺寸"
"北涧桥","单体","桥梁","木构","0","0","7/8","独立尺寸"
"如龙桥","单体","桥梁","木构","0","0","7/8","独立尺寸"