"建筑ID","建筑名称","指标类型","指标","值","单位","限定关系","对象范围","原文位置","来源标题","来源链接"
"zhaozhou","赵州桥","尺寸","主拱净跨","37.02","m","exact","原资料记载，非本项目新测绘","建筑介绍相关段落","赵州桥","https://www.zhaoxian.gov.cn/columns/7558c04f-250e-4c72-a91c-425e1b5a8a17/202306/26/9c718990-9c93-471a-9e27-20c31de59149.html"
"zhaozhou","赵州桥","尺寸","桥梁总长","64.4","m","exact","原资料记载，非本项目新测绘","建筑介绍相关段落","赵州桥","https://www.zhaoxian.gov.cn/columns/7558c04f-250e-4c72-a91c-425e1b5a8a17/202306/26/9c718990-9c93-471a-9e27-20c31de59149.html"
"zhaozhou","赵州桥","尺寸","拱矢","7.23","m","exact","原资料记载，非本项目新测绘","建筑介绍相关段落","赵州桥","https://www.zhaoxian.gov.cn/columns/7558c04f-250e-4c72-a91c-425e1b5a8a17/202306/26/9c718990-9c93-471a-9e27-20c31de59149.html"
"zhaozhou","赵州桥","尺寸","桥面宽度","9","m","exact","政府资料记载，非新测绘","建筑介绍相关段落","赵州桥","https://www.zhaoxian.gov.cn/columns/7558c04f-250e-4c72-a91c-425e1b5a8a17/202306/26/9c718990-9c93-471a-9e27-20c31de59149.html"
"zhaozhou","赵州桥","尺寸","拱脚处宽度","9.6","m","exact","","建筑介绍相关段落","赵州桥","https://www.zhaoxian.gov.cn/columns/7558c04f-250e-4c72-a91c-425e1b5a8a17/202306/26/9c718990-9c93-471a-9e27-20c31de59149.html"
"zhaozhou","赵州桥","尺寸","桥堍侧小拱净跨","3.81","m","exact","","建筑介绍相关段落","赵州桥","https://www.zhaoxian.gov.cn/columns/7558c04f-250e-4c72-a91c-425e1b5a8a17/202306/26/9c718990-9c93-471a-9e27-20c31de59149.html"
"zhaozhou","赵州桥","尺寸","桥中央侧小拱净跨","2.85","m","exact","","建筑介绍相关段落","赵州桥","https://www.zhaoxian.gov.cn/columns/7558c04f-250e-4c72-a91c-425e1b5a8a17/202306/26/9c718990-9c93-471a-9e27-20c31de59149.html"
"zhaozhou","赵州桥","构件或空间计数","主拱纵向拱券","28","道","exact","","建筑介绍相关段落","赵州桥","https://www.zhaoxian.gov.cn/columns/7558c04f-250e-4c72-a91c-425e1b5a8a17/202306/26/9c718990-9c93-471a-9e27-20c31de59149.html"
"luoyang","洛阳桥","尺寸","现桥长度","731.29","m","exact","资料记载的修复后现状，不等于宋代初建长度","介绍中的现桥尺寸段","我国现存最早的跨海梁式大石桥","https://www.quanzhou.gov.cn/lyb/qzzz/200407/t20040726_3127.htm"
"luoyang","洛阳桥","尺寸","现桥宽度","4.5","m","exact","同一现状资料口径","介绍中的现桥尺寸段","我国现存最早的跨海梁式大石桥","https://www.quanzhou.gov.cn/lyb/qzzz/200407/t20040726_3127.htm"
"luoyang","洛阳桥","尺寸","现桥高度","7.3","m","exact","同一现状资料口径，未进一步说明高程基准","介绍中的现桥尺寸段","我国现存最早的跨海梁式大石桥","https://www.quanzhou.gov.cn/lyb/qzzz/200407/t20040726_3127.htm"
"luoyang","洛阳桥","构件或空间计数","资料所载船形桥墩","44","座","exact","按2004现桥介绍，不与其他时期墩数混合","介绍中的现桥尺寸段","我国现存最早的跨海梁式大石桥","https://www.quanzhou.gov.cn/lyb/qzzz/200407/t20040726_3127.htm"
"anping","安平桥","尺寸","文献记载桥长","2255","m","exact","原资料记载，非本项目新测绘","建筑介绍相关段落","公共文化服务文化遗产保护信息全国重点文物保护单位","https://www.jinjiang.gov.cn/xxgk/zdxxgk/ggwhty/whycbh/202012/t20201211_2476996.htm"
"anping","安平桥","尺寸","桥宽下限","3","m","exact","原资料记载，非本项目新测绘","建筑介绍相关段落","公共文化服务文化遗产保护信息全国重点文物保护单位","https://www.jinjiang.gov.cn/xxgk/zdxxgk/ggwhty/whycbh/202012/t20201211_2476996.htm"
"anping","安平桥","尺寸","桥宽上限","3.8","m","exact","原资料记载，非本项目新测绘","建筑介绍相关段落","公共文化服务文化遗产保护信息全国重点文物保护单位","https://www.jinjiang.gov.cn/xxgk/zdxxgk/ggwhty/whycbh/202012/t20201211_2476996.htm"
"guangji","广济桥","尺寸","全桥长度","518","m","exact","2020年采访介绍口径，不倒推1171年浮桥长度","2020-10-16报道，桥梁介绍段","回访潮州广济桥：守护千年古桥 不负绿水青山","https://www.gd.gov.cn/gdywdt/zwzt/scgd/zjhw/content/post_3102191.html"
"guangji","广济桥","构件或空间计数","中央浮舟","18","艘","exact","现桥介绍口径","2020-10-16报道，桥梁介绍段","回访潮州广济桥：守护千年古桥 不负绿水青山","https://www.gd.gov.cn/gdywdt/zwzt/scgd/zjhw/content/post_3102191.html"
"lugou","卢沟桥","尺寸","桥梁总长","266.5","m","exact","原资料记载，非本项目新测绘","建筑介绍相关段落","卢沟桥经受强降雨考验","https://paper.people.com.cn/hwbwap/html/2023-08/14/content_26010972.htm"
"lugou","卢沟桥","尺寸","桥身总宽","9.3","m","exact","原资料记载，非本项目新测绘","建筑介绍相关段落","卢沟桥经受强降雨考验","https://paper.people.com.cn/hwbwap/html/2023-08/14/content_26010972.htm"
"lugou","卢沟桥","尺寸","桥面宽度","7.5","m","exact","原资料记载，非本项目新测绘","建筑介绍相关段落","卢沟桥经受强降雨考验","https://paper.people.com.cn/hwbwap/html/2023-08/14/content_26010972.htm"
"lugou","卢沟桥","构件或空间计数","桥墩","10","个","exact","","建筑介绍相关段落","卢沟桥经受强降雨考验","https://paper.people.com.cn/hwbwap/html/2023-08/14/content_26010972.htm"
"lugou","卢沟桥","构件或空间计数","桥孔","11","孔","exact","","建筑介绍相关段落","卢沟桥经受强降雨考验","https://paper.people.com.cn/hwbwap/html/2023-08/14/content_26010972.htm"
"neixiang","内乡县衙","尺寸","占地面积","20000","m²","gt","县政府“2万多平方米”的下限，不是精确点值","1、内乡县衙","文化遗产 · 内乡县衙","https://www.neixiangxian.gov.cn/2017/09-25/1238744.html"
"taihe","太和殿","尺寸","建筑面积","2377","m²","exact","原资料记载，非本项目新测绘","建筑介绍相关段落","太和殿","https://www.dpm.org.cn/explore/building/236465.html"
"taihe","太和殿","尺寸","殿宇高度","26.92","m","exact","原资料记载，非本项目新测绘","建筑介绍相关段落","太和殿","https://www.dpm.org.cn/explore/building/236465.html"
"taihe","太和殿","尺寸","含台基总高","35.05","m","exact","原资料记载，非本项目新测绘","建筑介绍相关段落","太和殿","https://www.dpm.org.cn/explore/building/236465.html"
"taihe","太和殿","构件或空间计数","面阔开间","11","间","exact","","建筑介绍相关段落","太和殿","https://www.dpm.org.cn/explore/building/236465.html"
"taihe","太和殿","构件或空间计数","进深开间","5","间","exact","","建筑介绍相关段落","太和殿","https://www.dpm.org.cn/explore/building/236465.html"
"zhonghe","中和殿","尺寸","建筑面积","580","m²","exact","原资料记载，非本项目新测绘","建筑介绍相关段落","中和殿","https://www.dpm.org.cn/explore/building/236464.html"
"zhonghe","中和殿","构件或空间计数","面阔开间","3","间","exact","","建筑介绍相关段落","中和殿","https://www.dpm.org.cn/explore/building/236464.html"
"zhonghe","中和殿","构件或空间计数","进深开间","3","间","exact","","建筑介绍相关段落","中和殿","https://www.dpm.org.cn/explore/building/236464.html"
"baohe","保和殿","尺寸","建筑面积","1240","m²","exact","原资料记载，非本项目新测绘","建筑介绍相关段落","保和殿","https://www.dpm.org.cn/explore/building/236434.html"
"baohe","保和殿","尺寸","殿宇高度","29.5","m","exact","原资料记载，非本项目新测绘","建筑介绍相关段落","保和殿","https://www.dpm.org.cn/explore/building/236434.html"
"baohe","保和殿","构件或空间计数","面阔开间","9","间","exact","","建筑介绍相关段落","保和殿","https://www.dpm.org.cn/explore/building/236434.html"
"baohe","保和殿","构件或空间计数","进深开间","5","间","exact","","建筑介绍相关段落","保和殿","https://www.dpm.org.cn/explore/building/236434.html"
"baohe","保和殿","构件或空间计数","减去的前檐金柱","6","根","exact","","建筑介绍相关段落","保和殿","https://www.dpm.org.cn/explore/building/236434.html"
"dazheng","大政殿","尺寸","殿内面积","401.12","m²","exact","原资料记载，非本项目新测绘","建筑介绍相关段落","宫殿导览 · 东路","https://www.sypm.org.cn/daolan_1/11.html"
"dazheng","大政殿","尺寸","全高","17.5","m","exact","原资料记载，非本项目新测绘","建筑介绍相关段落","宫殿导览 · 东路","https://www.sypm.org.cn/daolan_1/11.html"
"dazheng","大政殿","尺寸","面阔","21","m","exact","","建筑介绍相关段落","宫殿导览 · 东路","https://www.sypm.org.cn/daolan_1/11.html"
"dazheng","大政殿","尺寸","进深","21","m","exact","","建筑介绍相关段落","宫殿导览 · 东路","https://www.sypm.org.cn/daolan_1/11.html"
"dazheng","大政殿","尺寸","台基高度","2.2","m","exact","","建筑介绍相关段落","宫殿导览 · 东路","https://www.sypm.org.cn/daolan_1/11.html"
"luding","泸定桥","尺寸","桥长","103","m","exact","景区公开介绍，非本项目测绘","景点介绍首段","泸定桥 · 景点介绍","https://www.scldq.cn/tourism/scenic/19.html"
"luding","泸定桥","尺寸","桥宽","3","m","exact","景区公开介绍","景点介绍首段","泸定桥 · 景点介绍","https://www.scldq.cn/tourism/scenic/19.html"
"luding","泸定桥","构件或空间计数","铁链总数","13","根","exact","","景点介绍首段","泸定桥 · 景点介绍","https://www.scldq.cn/tourism/scenic/19.html"
"luding","泸定桥","构件或空间计数","底链","9","根","exact","","景点介绍首段","泸定桥 · 景点介绍","https://www.scldq.cn/tourism/scenic/19.html"
"luding","泸定桥","构件或空间计数","扶手链","4","根","exact","","景点介绍首段","泸定桥 · 景点介绍","https://www.scldq.cn/tourism/scenic/19.html"
"zhili","直隶总督署","尺寸","建筑群东西尺度","130","m","approx","现存建筑群，不是单体建筑","设施情况","保定直隶总督署博物馆（国家二级博物馆）","https://wenwu.hebei.gov.cn/system/2023/09/27/030253941.shtml"
"zhili","直隶总督署","尺寸","建筑群南北尺度","220","m","approx","现存建筑群，不是单体建筑","设施情况","保定直隶总督署博物馆（国家二级博物馆）","https://wenwu.hebei.gov.cn/system/2023/09/27/030253941.shtml"
"zhili","直隶总督署","尺寸","占地面积","26000","m²","gt","原文“26000多平方米”，不以130×220替代占地面积","设施情况","保定直隶总督署博物馆（国家二级博物馆）","https://wenwu.hebei.gov.cn/system/2023/09/27/030253941.shtml"
"qiao","乔家大院","尺寸","在中堂占地面积","10642","m²","exact","在中堂，不是四堂一园；包含后续增修形成的现状","乔家大院／在中堂段","飞入寻常百姓家 中国最具特色民居建筑","https://jingji.cntv.cn/2012/06/13/ARTI1339556760810534_4.shtml"
"qiao","乔家大院","尺寸","在中堂建筑面积","4175","m²","exact","在中堂报道口径，不当作清初原始规模","乔家大院／在中堂段","飞入寻常百姓家 中国最具特色民居建筑","https://jingji.cntv.cn/2012/06/13/ARTI1339556760810534_4.shtml"
"qiao","乔家大院","构件或空间计数","在中堂大院","6","个","exact","","乔家大院／在中堂段","飞入寻常百姓家 中国最具特色民居建筑","https://jingji.cntv.cn/2012/06/13/ARTI1339556760810534_4.shtml"
"qiao","乔家大院","构件或空间计数","在中堂小院","20","个","exact","","乔家大院／在中堂段","飞入寻常百姓家 中国最具特色民居建筑","https://jingji.cntv.cn/2012/06/13/ARTI1339556760810534_4.shtml"
"qiao","乔家大院","构件或空间计数","在中堂房屋","313","间","exact","","乔家大院／在中堂段","飞入寻常百姓家 中国最具特色民居建筑","https://jingji.cntv.cn/2012/06/13/ARTI1339556760810534_4.shtml"
"yinyu","荫余堂","尺寸","主入口门洞宽","125.97","cm","exact","局部门洞宽，不是住宅面阔或全宅面积","表4.4第1行","Shi in Architecture · Chapter 4: The Door as a Ritualistic and Cosmological Device","https://vtechworks.lib.vt.edu/bitstream/handle/10919/27733/Chapter_4.pdf"
"yinyu","荫余堂","尺寸","侧入口门洞宽","82.63","cm","exact","局部门洞宽","表4.4第2行","Shi in Architecture · Chapter 4: The Door as a Ritualistic and Cosmological Device","https://vtechworks.lib.vt.edu/bitstream/handle/10919/27733/Chapter_4.pdf"
"yinyu","荫余堂","尺寸","7号卧室门洞宽","57.94","cm","exact","局部门洞宽","表4.4第3行","Shi in Architecture · Chapter 4: The Door as a Ritualistic and Cosmological Device","https://vtechworks.lib.vt.edu/bitstream/handle/10919/27733/Chapter_4.pdf"
"yinyu","荫余堂","尺寸","8号卧室门洞宽","55.72","cm","exact","局部门洞宽","表4.4第4行","Shi in Architecture · Chapter 4: The Door as a Ritualistic and Cosmological Device","https://vtechworks.lib.vt.edu/bitstream/handle/10919/27733/Chapter_4.pdf"
"yinyu","荫余堂","构件或空间计数","面阔开间","5","间","exact","","项目介绍，五开间两层住宅及重建说明","Yin Yu Tang · Restoration Project","https://jgwaarchitects.com/project/yin-yu-tang/"
"yinyu","荫余堂","构件或空间计数","楼层","2","层","exact","","项目介绍，五开间两层住宅及重建说明","Yin Yu Tang · Restoration Project","https://jgwaarchitects.com/project/yin-yu-tang/"
"yinyu","荫余堂","构件或空间计数","卧室","16","间","exact","","房屋介绍","Yin Yu Tang: A Chinese Home","https://www.pem.org/yin-yu-tang-a-chinese-home"
"chengzhi","承志堂","尺寸","文献面积口径","3000","m²","gt","原文“总占建筑面积3000余平方米”，未取得测绘表，不能据此混同占地与总楼面面积","印刷页39，3.1民居","徽派古村落建筑景观特征分析","https://pdf.hanspub.org/ARL20140400000_70059661.pdf"
"chengzhi","承志堂","构件或空间计数","天井","9","个","exact","","第39页，3.1民居；DOI:10.12677/arl.2014.34007","徽派古村落建筑景观特征分析","https://pdf.hanspub.org/ARL20140400000_70059661.pdf"
"chengzhi","承志堂","构件或空间计数","房间","60","间","exact","","第39页，3.1民居；DOI:10.12677/arl.2014.34007","徽派古村落建筑景观特征分析","https://pdf.hanspub.org/ARL20140400000_70059661.pdf"
"chengzhi","承志堂","构件或空间计数","木柱","136","根","exact","","第39页，3.1民居；DOI:10.12677/arl.2014.34007","徽派古村落建筑景观特征分析","https://pdf.hanspub.org/ARL20140400000_70059661.pdf"
"qianqing","乾清宫","尺寸","建筑面积","1400","㎡","exact","单体殿堂，非后三宫区域","建筑介绍相关段落","乾清宫","https://www.dpm.org.cn/explore/building/236472.html"
"qianqing","乾清宫","尺寸","台面至正脊高","20","m","gt","原文20余米，不含台基","建筑介绍相关段落","乾清宫","https://www.dpm.org.cn/explore/building/236472.html"
"qianqing","乾清宫","构件或空间计数","面阔","9","间","exact","连廊面阔","建筑介绍相关段落","乾清宫","https://www.dpm.org.cn/explore/building/236472.html"
"qianqing","乾清宫","构件或空间计数","进深","5","间","exact","单体","建筑介绍相关段落","乾清宫","https://www.dpm.org.cn/explore/building/236472.html"
"kunning","坤宁宫","构件或空间计数","连廊面阔","9","间","exact","单体","建筑介绍相关段落","坤宁宫","https://www.dpm.org.cn/explore/building/236487.html"
"kunning","坤宁宫","构件或空间计数","进深","3","间","exact","单体","建筑介绍相关段落","坤宁宫","https://www.dpm.org.cn/explore/building/236487.html"
"yangxin","养心殿","尺寸","前殿通面阔","36","m","exact","前殿，不是整个养心殿区","建筑介绍相关段落","养心殿","https://www.dpm.org.cn/explore/building/236442.html"
"yangxin","养心殿","尺寸","前殿通进深","12","m","exact","前殿","建筑介绍相关段落","养心殿","https://www.dpm.org.cn/explore/building/236442.html"
"wenhua","文华殿","构件或空间计数","前殿面阔","5","间","exact","前殿","建筑介绍相关段落","文华殿","https://www.dpm.org.cn/explore/building/236531.html"
"wenhua","文华殿","构件或空间计数","前殿进深","3","间","exact","前殿","建筑介绍相关段落","文华殿","https://www.dpm.org.cn/explore/building/236531.html"
"wuying","武英殿","构件或空间计数","正殿面阔","5","间","exact","单体正殿","建筑介绍相关段落","武英殿","https://www.dpm.org.cn/explore/building/236500.html"
"wuying","武英殿","构件或空间计数","正殿进深","3","间","exact","单体正殿","建筑介绍相关段落","武英殿","https://www.dpm.org.cn/explore/building/236500.html"
"cining","慈宁宫","构件或空间计数","正殿面阔","7","间","exact","单体正殿","建筑介绍相关段落","慈宁宫","https://www.dpm.org.cn/explore/building/236504.html"
"huangji","皇极殿","构件或空间计数","面阔","9","间","exact","单体","建筑介绍相关段落","皇极殿","https://www.dpm.org.cn/explore/building/236476.html"
"huangji","皇极殿","构件或空间计数","进深","5","间","exact","单体","建筑介绍相关段落","皇极殿","https://www.dpm.org.cn/explore/building/236476.html"
"chongzheng","崇政殿","构件或空间计数","面阔","5","间","exact","单体","建筑介绍相关段落","沈阳故宫宫殿导览","https://www.sypm.org.cn/daolan_1/11.html"
"fenghuang","凤凰楼","构件或空间计数","楼层","3","层","exact","楼阁","建筑介绍相关段落","沈阳故宫宫殿导览","https://www.sypm.org.cn/daolan_1/11.html"
"qingning","清宁宫","构件或空间计数","面阔","5","间","exact","单体","建筑介绍相关段落","沈阳故宫宫殿导览","https://www.sypm.org.cn/daolan_1/11.html"
"nanyang","南阳府衙","尺寸","南北长","240","m","exact","现存府衙区域","建筑介绍相关段落","南阳府衙","https://m.nanyang.gov.cn/2021/01-20/295676.html"
"nanyang","南阳府衙","尺寸","东西宽","150","m","exact","现存府衙区域","建筑介绍相关段落","南阳府衙","https://m.nanyang.gov.cn/2021/01-20/295676.html"
"nanyang","南阳府衙","尺寸","面积","36000","㎡","exact","现存府衙区域","建筑介绍相关段落","南阳府衙","https://m.nanyang.gov.cn/2021/01-20/295676.html"
"huaian","淮安府署","尺寸","正堂高","10","m","exact","单体正堂","建筑介绍相关段落","淮安府署","https://www.zghaq.gov.cn/col/814_747345/art/ff80808165421cbf016554fc0f69081b.html"
"huaian","淮安府署","尺寸","正堂面积","500","㎡","gt","原文500余平方米，单体正堂","建筑介绍相关段落","淮安府署","https://www.zghaq.gov.cn/col/814_747345/art/ff80808165421cbf016554fc0f69081b.html"
"huangcheng","皇城相府","构件或空间计数","河山楼层数","7","层","exact","单体河山楼","建筑介绍相关段落","东方古堡，人间晋城：皇城相府","https://www.jcgov.gov.cn/dtxx/ztzl/2023ncsmp/jcmpmljc/csmpdfgb/202307/t20230706_1819140.shtml"
"shijia","石家大院","尺寸","占地面积","10000","㎡","approx","原文约1万平方米，宅院范围","建筑介绍相关段落","石家大院","https://www.tj.gov.cn/sq/yztj/mswh/202005/t20200520_2468011.html"
"gaojia","高家大院（西安）","尺寸","总居住面积","2517","㎡","exact","辅助旅游介绍所称居住面积，测绘口径待核","建筑介绍相关段落","高家大院","https://xa.ify.cn/content/192.aspx"
"huaiyuan","怀远楼","尺寸","占地面积","1384.7","㎡","exact","单体土楼","建筑介绍相关段落","云水谣：一首流淌着的美丽歌谣","https://www.fjtb.gov.cn/meijing/201311/t20131126_5267800.htm"
"huaiyuan","怀远楼","尺寸","楼高","14.5","m","exact","单体土楼","建筑介绍相关段落","云水谣：一首流淌着的美丽歌谣","https://www.fjtb.gov.cn/meijing/201311/t20131126_5267800.htm"
"huaiyuan","怀远楼","构件或空间计数","楼层","4","层","exact","外环","建筑介绍相关段落","云水谣：一首流淌着的美丽歌谣","https://www.fjtb.gov.cn/meijing/201311/t20131126_5267800.htm"
"huaiyuan","怀远楼","构件或空间计数","房间总数","136","间","exact","所引资料单体统计","建筑介绍相关段落","云水谣：一首流淌着的美丽歌谣","https://www.fjtb.gov.cn/meijing/201311/t20131126_5267800.htm"
"yuchang","裕昌楼","尺寸","直径","54","m","exact","所引研究介绍单体","建筑介绍相关段落","福建土楼","https://chiculture.org.hk/sites/mainsite/files/2019-04/30025_fujiantulou_pdf_cn.pdf"
"yuchang","裕昌楼","尺寸","楼高","18.4","m","exact","所引研究介绍单体","建筑介绍相关段落","福建土楼","https://chiculture.org.hk/sites/mainsite/files/2019-04/30025_fujiantulou_pdf_cn.pdf"
"yuchang","裕昌楼","构件或空间计数","楼层","5","层","exact","外环","建筑介绍相关段落","福建土楼","https://chiculture.org.hk/sites/mainsite/files/2019-04/30025_fujiantulou_pdf_cn.pdf"
"hegui","和贵楼","尺寸","建筑面积","3574","㎡","exact","原文建筑面积，不当作占地面积","建筑介绍相关段落","福建土楼","https://chiculture.org.hk/sites/mainsite/files/2019-04/30025_fujiantulou_pdf_cn.pdf"
"hegui","和贵楼","构件或空间计数","楼层","5","层","exact","主体土楼","建筑介绍相关段落","福建土楼","https://chiculture.org.hk/sites/mainsite/files/2019-04/30025_fujiantulou_pdf_cn.pdf"
"shangshudi","尚书第（泰宁）","构件或空间计数","厅","3","座","exact","三厅九栋布局","建筑介绍相关段落","云游泰宁县：尚书第","https://www.shhk.gov.cn/xwzx/002008/002008040/20230625/cfe7b058-fe0c-46e3-bb5e-a93c27e795b1.html"
"shangshudi","尚书第（泰宁）","构件或空间计数","栋","9","栋","exact","三厅九栋布局","建筑介绍相关段落","云游泰宁县：尚书第","https://www.shhk.gov.cn/xwzx/002008/002008040/20230625/cfe7b058-fe0c-46e3-bb5e-a93c27e795b1.html"
"zhongshan","中山桥（兰州）","尺寸","总长","255.5","m","exact","所引平凉政府介绍口径，不与233m口径混用","建筑介绍相关段落","奋进新时代：丝路古道文脉兴","https://wjw.pingliang.gov.cn/xwdt/mtdt/art/2023/art_daf8f0d56a45429eb58ef81c60ea88fb.html"
"zhongshan","中山桥（兰州）","尺寸","桥面总宽","8.46","m","exact","所引资料桥面总宽","建筑介绍相关段落","奋进新时代：丝路古道文脉兴","https://wjw.pingliang.gov.cn/xwdt/mtdt/art/2023/art_daf8f0d56a45429eb58ef81c60ea88fb.html"
"wuting","五亭桥","构件或空间计数","风亭","5","座","exact","桥上亭","建筑介绍相关段落","扬州瘦西湖：五亭桥","https://www.eco.gov.cn/news_info/40287.html"
"wuting","五亭桥","构件或空间计数","券洞","15","个","exact","桥基券洞","建筑介绍相关段落","扬州瘦西湖：五亭桥","https://www.eco.gov.cn/news_info/40287.html"
"seventeen","十七孔桥","尺寸","桥身长","150","m","exact","公园介绍桥身口径","建筑介绍相关段落","颐和园内最大的石桥：十七孔桥","https://gygl.beijing.gov.cn/whgy/whgy_wsgc/201912/t20191206_885494.html"
"seventeen","十七孔桥","尺寸","桥宽","8","m","exact","单体石桥","建筑介绍相关段落","颐和园内最大的石桥：十七孔桥","https://gygl.beijing.gov.cn/whgy/whgy_wsgc/201912/t20191206_885494.html"
"seventeen","十七孔桥","构件或空间计数","券洞","17","个","exact","单体","建筑介绍相关段落","颐和园内最大的石桥：十七孔桥","https://gygl.beijing.gov.cn/whgy/whgy_wsgc/201912/t20191206_885494.html"
"jadebelt","玉带桥（颐和园）","尺寸","高出水面","10","m","gt","原文十米有余，非拱净高","建筑介绍相关段落","玉带桥","https://www.dpm.org.cn/lemmas/242946.html"
"tangqi","广济桥（塘栖）","构件或空间计数","桥孔","7","个","exact","塘栖广济桥","建筑介绍相关段落","塘栖古镇里的世界遗产：广济桥","https://hznews.hangzhou.com.cn/chengshi/content/2014-06/30/content_5342158.htm"